episode_number,episode_reward,average_reward,revenue,epsilon_value,training_loss,replay_buffer_size
0,4285.857281399931,4285.857281399931,12276.183778242392,,,30
1,10251.62511521357,7268.74119830675,11810.494888162104,,,50
2,14746.401324101991,9761.294573571831,15203.389317335692,,,71
3,17061.472852284143,11586.339143249908,17090.531197143002,,,96
4,5329.960698124597,10335.063454224846,12899.107489181031,,,126
5,17253.549851830092,11488.144520492388,17426.385462611943,,,156
6,-5542.182906477275,9055.240602353864,7720.435551427588,,,186
7,11015.905493101749,9300.32371369735,12247.291457799742,,,208
8,7628.129123940661,9114.524314835495,14758.607281255161,,,238
9,9815.894752713937,9184.66135862334,11563.282754998187,,,263
10,16067.61181398276,9810.384127292376,17814.918296615208,,,293
11,20493.660566773666,10700.65716391582,19971.8604337665,,,322
12,18897.845309216482,11331.210098169715,18589.29856711379,,,350
13,14092.437337452197,11528.440615261321,14701.570022874548,,,374
14,9153.9399825898,11370.14057308322,11059.449989156048,,,393
15,15795.08270931144,11646.699456597482,15932.519530736015,,,419
16,-9563.568185799999,10399.036654103513,5641.761326700001,,,449
17,6844.358469542294,10201.554532739001,13204.50908308535,,,479
18,18533.33251531395,10640.06916340084,18335.363106399636,,,507
19,16194.276766535515,10917.779543557574,16285.310835568345,,,534
20,18590.644356834786,11283.154058475537,18378.63807657383,,,558
21,9799.68030773846,11215.723433442034,15668.142811033842,,,588
22,7019.056575397823,11033.259657005328,9483.312469670753,,,609
23,16984.859134166105,11281.242968553692,17004.089570775293,,,637
24,8910.831035307128,11186.42649122383,10921.891330689272,,,656
25,10404.659593979752,11156.35853363752,11875.868951664663,,,677
26,13488.321114811637,11242.72751812545,17362.87802122228,,,707
27,7606.65643710024,11112.867836660265,14301.380351509626,,,737
28,7069.574820657209,10973.443939556711,14387.453643247025,,,767
29,13935.222591279693,11072.169894614144,14601.564058444568,,,792
30,614.857498625368,10734.837236679023,10971.318667265368,,,822
31,5252.603298312119,10563.517426105056,13220.317152325584,,,852
32,10697.31067781634,10567.571767066003,12556.35786942122,,,879
33,16870.436217456947,10752.950133253973,18010.511649639604,,,909
34,8654.495311435685,10692.994281202022,10627.491264039785,,,932
35,1078.0329947167666,10425.912023244098,12044.140494716768,,,962
36,13377.245570373198,10505.677794788127,17687.041490211235,,,992
37,9389.434709970888,10476.302976766621,11116.49598201877,,,1013
38,17637.98391025073,10659.935821214931,18448.289233967866,,,1043
39,2630.0354056663673,10459.18831082622,11696.965620517161,,,1073
40,16596.961973222602,10608.890107470033,16931.75777378207,,,1100
41,1839.675408344321,10400.099281300374,11628.223941160226,,,1130
42,8553.982732656848,10357.166338308663,10697.488411305585,,,1148
43,15998.471218318,10485.377812854329,16091.753928714566,,,1172
44,16687.91523985268,10623.211977898736,16691.53632124928,,,1195
45,-1689.3279750654583,10355.548065877776,10327.272024934542,,,1225
46,18251.68295889361,10523.550935941943,19406.3910734731,,,1255
47,-282.1572125631792,10298.43201618142,11105.242787436817,,,1285
48,14664.735651068173,10387.540253628089,14941.533229524906,,,1309
49,15114.140989817011,10482.072268351867,15434.883452689228,,,1335
50,14956.665930043535,10569.809398973272,15189.753272228156,,,1360
51,-15102.0961804,10076.118907062248,2768.1038196000004,,,1390
52,13728.96040262655,10145.040444714405,16944.13026046857,,,1420
53,7521.143316835062,10096.449757161083,10039.957187223983,,,1440
54,13557.368982349206,10159.37556125541,17605.051851602242,,,1470
55,11740.18937083142,10187.604379283555,15903.649397935525,,,1500
56,18512.617503380297,10333.657241109813,18102.304595067162,,,1530
57,20867.1538365511,10515.269251376043,20427.193654595412,,,1559
58,770.4480239616114,10350.102789894443,12331.04802396161,,,1589
59,16204.107428202555,10447.669533866245,16267.680761791637,,,1612
60,7695.88768289185,10402.558355981417,14813.77101622519,,,1642
61,12628.257630546103,10438.456731377622,13451.874491395774,,,1667
62,14733.684317973039,10506.634947037868,18087.5091699163,,,1697
63,-11928.583203405287,10156.084663437194,4916.016796594714,,,1727
64,13958.817820567689,10214.58825046997,18025.192878083453,,,1757
65,5864.043881504746,10148.670911546255,8812.493567675598,,,1776
66,16493.717800292092,10243.373103915595,16532.7503950737,,,1800
67,19240.12736982084,10375.67831370832,18884.64276767021,,,1830
68,20348.13280123379,10520.206639614486,20013.02833508262,,,1859
69,10316.187545425786,10517.292081126077,11749.46788400419,,,1879
70,15437.300046161425,10586.587967957561,15870.198177312845,,,1905
71,18939.356857640756,10702.598646980936,18640.802429594652,,,1929
72,13308.277517271792,10738.292878080812,15758.656574156352,,,1959
73,14971.58476807088,10795.49952524284,15267.965671134883,,,1982
74,16678.424072565387,10873.93851920714,16705.043356814585,,,2007
75,10985.385401815905,10875.404925557255,12695.508951309706,,,2032
76,13935.816765346784,10915.15053386621,14409.82520176951,,,2056
77,2557.187626157127,10807.997163254555,12741.787626157124,,,2086
78,16695.85555143642,10882.527016269514,16612.447925487628,,,2116
79,18091.78604521468,10972.642754131331,17922.81981008449,,,2141
80,14799.628167469302,11019.88948762933,15476.381219678331,,,2170
81,17195.714488160433,11095.204426660199,17267.760954608835,,,2198
82,-5546.779199595394,10894.69859983784,8244.420800404603,,,2228
83,10786.586289853558,10893.411548528504,12101.519596311718,,,2249
84,15672.112608980871,10949.631561004415,15879.528961653717,,,2275
85,8432.124595653588,10920.35822419801,10539.631896599938,,,2298
86,6972.399445171911,10874.97938765748,9724.2150968097,,,2321
87,15159.813926937244,10923.670689240204,15441.352895312466,,,2344
88,10259.495703768062,10916.208048954,11710.636680867861,,,2367
89,14026.73084290943,10950.769413331283,16842.542996730794,,,2397
90,21696.071524449573,11068.849656310605,21190.051467165544,,,2425
91,14547.187956997894,11106.657681318076,15126.05890443605,,,2449
92,13919.531076399106,11136.90363180282,17104.460904122272,,,2479
93,10507.552752133763,11130.20840967868,12080.240806020267,,,2502
94,-3358.080222914876,10977.700108282957,8998.871953458458,,,2532
95,11695.746907002582,10985.179762436286,12868.548602090417,,,2555
96,-3686.3870003795673,10833.926496840246,9297.079666287098,,,2585
97,13761.636711297326,10863.801090865318,14286.15775177088,,,2610
98,-10366.844987790006,10649.350120373849,5680.555012209997,,,2640
99,-4559.838905656497,10497.258230113546,8819.1610943435,,,2670
100,14416.754633810024,10598.56720363765,15211.838800885957,,,2695
101,15363.001948614085,10649.680971971655,15703.033534094186,,,2725
102,3021.033082790269,10532.427289558535,12398.273082790267,,,2755
103,7119.038524099403,10433.00294627669,9732.097229240326,,,2772
104,17161.534655257798,10551.318685848022,17283.87165060107,,,2801
105,14871.408354711946,10527.49727087684,15182.24188871023,,,2825
106,18934.635100727264,10772.265450948884,18572.812417836387,,,2853
107,10097.203064237894,10763.078426660248,11648.623346654607,,,2877
108,15795.263730572822,10844.749772726567,15942.731288060886,,,2903
109,18550.42090921542,10932.095034291584,18902.43985085092,,,2933
110,9561.348618447786,10867.032402336234,11283.365778260706,,,2953
111,10872.626156933007,10770.822058237825,12163.717964502091,,,2974
112,17538.297672187153,10757.226581867535,17449.31090153198,,,2999
113,-13280.736905679998,10483.49483943621,3979.8630943200005,,,3029
114,14878.977951545101,10540.745219125763,16739.473446290784,,,3059
115,15610.674311343086,10538.901135146083,19065.07431134309,,,3089
116,9444.147190491174,10728.978288908991,14075.0244582231,,,3119
117,4497.183110050124,10705.506535314073,13852.583110050127,,,3149
118,17170.707336020798,10691.88028352114,17487.54200855494,,,3179
119,9692.027594822417,10626.85779180401,11365.570636808523,,,3199
120,13150.235110780202,10572.453699343463,13847.623442647202,,,3225
121,14338.227579329841,10617.839172059377,15245.317626511516,,,3251
122,7465.25662447872,10622.301172550186,14225.283300250685,,,3281
123,12752.521693064904,10579.977798139174,13901.968307917808,,,3305
124,18147.7629685607,10672.347117471709,17845.807785732504,,,3334
125,15004.740607005637,10718.347927601968,15805.32133715701,,,3358
126,7254.92773653551,10656.013993819208,14773.350734941285,,,3388
127,8210.549549997093,10662.052924948173,15182.565129216457,,,3418
128,4414.099722499197,10635.498173966596,13328.599722499197,,,3448
129,16285.02975654869,10658.996245619284,16357.206026186288,,,3476
130,10971.49170625442,10762.562587695573,15691.324655022547,,,3506
131,6984.949791353721,10779.886052625989,9699.526144221862,,,3525
132,20352.89880194313,10876.441933867258,19913.914022649325,,,3553
133,-5515.095455838704,10652.586617134304,8272.3045441613,,,3583
134,10324.680318976134,10669.288467209706,16414.20089088399,,,3613
135,9415.074690837517,10752.658884170914,11043.310033161859,,,3638
136,4130.988637841605,10660.196314845598,12928.624282224839,,,3668
137,5309.32865697402,10619.395254315628,8451.677577301472,,,3690
138,2122.345466075907,10464.238869873883,10952.234470013902,,,3720
139,13097.483036751742,10568.913346184736,13841.657635801252,,,3741
140,16445.700570187117,10567.400732154383,16348.481200504506,,,3767
141,16976.986299957058,10718.77384107051,17030.838179969884,,,3793
142,14768.293177928479,10780.916945523224,15028.246244413878,,,3819
143,14529.931290692752,10766.23154624697,14861.379177694605,,,3841
144,12255.155185544441,10721.903945703889,13158.674595616318,,,3863
145,10917.453146581962,10847.971756920362,12305.672826074517,,,3884
146,10128.00343358198,10766.734961667247,11809.375471143825,,,3906
147,14680.710129220377,10916.363635085083,14972.777578124827,,,3932
148,18519.468222039653,10954.910960794798,18462.9291788194,,,3961
149,13475.68898527817,10938.52644074941,14095.867244479623,,,3981
150,17022.509255160225,10959.184874000575,17025.70255544651,,,4005
151,14184.360017533123,11252.049435979909,17874.87910311566,,,4035
152,9039.389885016553,11205.153730803808,10931.20927445135,,,4058
153,16474.99225303471,11294.692220165802,16490.504514819604,,,4088
154,14825.393714921694,11307.372467491528,16297.95133510339,,,4118
155,11591.244682713419,11305.88302061035,16943.262665872222,,,4148
156,11287.950527687262,11233.636350853421,12561.187466829137,,,4172
157,20390.66587309163,11228.871471218828,19926.03137566161,,,4202
158,13183.485767910455,11353.001848658314,14081.407856791458,,,4225
159,4062.406820413802,11231.584842580429,12666.781618817,,,4255
160,16843.086351289072,11323.056829264398,19020.314658750453,,,4285
161,14417.921584880394,11340.953468807742,14871.729449901892,,,4314
162,15449.368901578991,11348.110314643802,17003.46179860822,,,4344
163,3875.5317524507445,11506.151464202361,7594.236540149761,,,4364
164,15227.796449649448,11518.841250493177,15561.613914777774,,,4385
165,2879.619142794013,11488.99700310607,10926.04814062947,,,4415
166,10765.531575768106,11431.71514086083,12154.24741778799,,,4436
167,17651.907025852946,11415.83293742115,17438.075997866254,,,4464
168,13981.890265202255,11352.170512060835,14537.27411517437,,,4488
169,2532.574792209225,11274.334384528669,12488.574792209221,,,4518
170,8979.638270758547,11209.757766774641,11112.102472730961,,,4539
171,17440.958773844304,11194.773785936679,18671.481359669368,,,4569
172,-7557.293341972358,10986.118077344237,7241.906658027643,,,4599
173,14105.262760827216,10977.4548572718,14770.302630330505,,,4624
174,9514.757159621904,10905.818188142366,15249.643097822689,,,4654
175,11430.318846921708,10910.267522593422,12596.56469394316,,,4674
176,10310.695136395789,10874.016306303913,11997.207954612775,,,4698
177,17592.223279705682,11024.366662839397,17873.92931460718,,,4728
178,13805.185180030601,10995.459959125339,14397.102021523036,,,4756
179,12557.297620134568,10940.11507487454,15120.399492544078,,,4786
180,10042.073307286406,10892.539526272712,11590.222769475924,,,4807
181,8902.695777122388,10809.60933916233,14855.878248605499,,,4837
182,8498.793143967132,10950.065062597954,10629.49845521989,,,4857
183,15762.819269298085,10999.8273923924,16071.761386718445,,,4883
184,6587.55236077494,10908.981789910342,14324.037397229939,,,4913
185,11233.525931201555,10936.995803265821,12359.1609245548,,,4934
186,14211.003855381092,11009.381847367913,14698.709200022678,,,4955
187,10311.92709615688,10960.90297906011,11745.823972536864,,,4977
188,14226.870987369291,11000.57673189612,14603.467767817872,,,5003
189,11913.470682806495,10979.44413029509,15745.184050317901,,,5033
190,12294.786405084033,10885.431279101434,13196.471951262823,,,5057
191,3160.802862353535,10771.567428154993,7165.881972939734,,,5077
192,12868.18690029709,10761.053986393974,17344.14760133103,,,5107
193,15698.841657189945,10812.966875444534,15800.311000807982,,,5131
194,15351.916267957717,11000.066840353262,16721.17418661432,,,5161
195,20413.078491747536,11087.240156200713,20012.066740200415,,,5190
196,-13274.73274222308,10991.356698782274,3983.667257776919,,,5220
197,18435.002871885794,11038.09036038816,18963.085113144378,,,5250
198,11379.790398434652,11255.556714250408,12725.862754218537,,,5273
199,-11133.580046058993,11189.819302846381,5306.019953941008,,,5303
200,1425.062704264723,11059.902383550927,10962.66781725369,,,5333
201,12199.750149624117,11028.269865561027,13151.036768950218,,,5354
202,-4652.348328859815,10951.536051444527,8129.541387775529,,,5384
203,18853.75515091512,11068.883217712684,18788.85562178922,,,5414
204,15418.60845824295,11051.453955742536,15581.83000411063,,,5442
205,12343.302784924159,11026.172900044658,15965.509533789216,,,5472
206,13228.60250359811,10969.112574073364,13972.281982841827,,,5494
207,15206.623833673772,11020.206781767725,15575.442101080234,,,5517
208,-565.3710271632863,10856.600434190366,10628.748972836715,,,5547
209,8887.92894323441,10759.975514530555,10963.67099191036,,,5569
210,20034.213686469564,10864.704165210771,19642.325060562238,,,5599
211,17036.30230412204,10926.340926682662,17339.015590429295,,,5629
212,12962.762748171164,10880.585577442502,13630.75253595294,,,5651
213,11243.40139746768,11125.826960473978,12553.534105169449,,,5675
214,3601.830971383489,11013.055490672363,7591.354710324676,,,5693
215,17293.845231129442,11029.887199870225,17098.38814393599,,,5721
216,10999.65553268259,11045.442283292143,12343.241696041632,,,5748
217,3149.122792526803,11031.961680116907,12473.355381179303,,,5778
218,13667.724439291773,10996.931851149619,15605.968810176497,,,5808
219,17650.431964977946,11076.51589485117,17618.22384555689,,,5835
220,10188.683276109776,11046.900376504469,11698.042277158915,,,5853
221,7219.827279340116,10975.71637350457,13283.156141955893,,,5883
222,16778.239782276793,11068.84620508255,17957.03572032574,,,5913
223,1966.1914849238237,10960.98290300114,11266.50297355617,,,5943
224,18350.90347440182,10963.014308059554,18005.196819243432,,,5973
225,4236.5177466418445,10855.332079455915,12998.246265868129,,,6003
226,1357.8898407754132,10796.361700498313,11946.169840775412,,,6033
227,13929.410756440304,10853.550312562746,14498.78816741054,,,6053
228,-8889.586941408093,10720.513445923676,6334.613058591906,,,6083
229,-7169.834455898717,10485.9648037992,7238.76554410128,,,6113
230,-5921.85976076165,10317.031289129038,7436.740239238347,,,6143
231,10349.403181980008,10350.675823035299,15682.543095459736,,,6173
232,-3323.0624281570654,10113.9162107343,9469.204238509603,,,6203
233,12912.351272500531,10298.19067801769,13989.063774705792,,,6230
234,10874.77655056369,10303.691640333565,12143.020758102564,,,6253
235,7127.038196278173,10280.811275387972,9694.747065223744,,,6274
236,11574.587175312106,10355.247260762677,16506.154003176187,,,6304
237,18077.398660945026,10482.927960802386,18823.196781159604,,,6334
238,13952.075322478047,10601.22525936641,14508.327804342263,,,6356
239,17424.491063774676,10644.495339636638,18450.21644570542,,,6386
240,18120.006503126267,10661.23839896603,18236.082902001395,,,6414
241,19147.88232751716,10682.94735924163,18793.66665889046,,,6442
242,-8189.638172678164,10453.368045735564,7245.361827321831,,,6472
243,-8677.594118964,10221.292791638996,6756.005881036003,,,6502
244,18939.63173301346,10288.137557113687,19724.901154623763,,,6532
245,21383.640423039047,10392.799429878258,21259.11889076502,,,6562
246,11314.201609266329,10404.661411635101,12559.564273951493,,,6583
247,10153.582240415088,10359.390132747048,11600.468821276207,,,6604
248,18349.15956579038,10357.687046184556,18148.61775016484,,,6627
249,-246.56190705253175,10220.46453726125,10513.78258958747,,,6657
250,15665.925195945485,10206.8986966691,15886.93237103831,,,6678
251,10153.51502094004,10166.59024670317,11715.94089615398,,,6697
252,15106.005828700152,10227.256406140008,15347.639790398025,,,6724
253,10610.669236466774,10168.613175974326,12670.203889343225,,,6752
254,19791.146939028742,10218.2707082154,19356.26813786792,,,6782
255,11700.461669770073,10219.362878085965,12772.29016274201,,,6804
256,12567.432024825128,10232.157693057345,13622.249526972588,,,6825
257,14274.311532436175,10170.994149650789,14717.516401162142,,,6851
258,14671.397879518467,10185.87327076687,15573.912272370562,,,6881
259,3899.9384880448324,10184.248587443179,13058.338488044836,,,6911
260,15072.395672736146,10166.541680657649,15419.721553441646,,,6934
261,12187.986253834144,10144.242327347187,16891.833853834138,,,6964
262,15330.763593212547,10143.056274263521,15471.874745322464,,,6992
263,1846.2740703584152,10122.763697442599,6451.805540109518,,,7009
264,16452.034117145882,10135.006074117564,17637.417790764193,,,7039
265,5668.526602155504,10162.89514871118,8861.759314368237,,,7060
266,11759.99838401323,10172.83981679363,13451.544027453623,,,7086
267,14077.466644906468,10137.095412984165,14824.043199418726,,,7107
268,14786.409032245734,10145.140600654599,15078.489234787121,,,7130
269,6963.892455310794,10189.453777285617,14466.935760345437,,,7160
270,-8882.645225405839,10010.830942323972,6352.15477459416,,,7190
271,9073.913778815551,9927.160492373685,11058.931224793843,,,7213
272,16150.041863777265,10164.23384443118,16140.49078772074,,,7237
273,17713.011816531023,10200.311334988219,17645.90034139908,,,7266
274,6642.865673666673,10171.592420128667,13840.299238790636,,,7296
275,3967.8106994214577,10096.967338653665,12876.489415879598,,,7326
276,12641.292896857427,10120.27331625828,16379.555898820028,,,7356
277,6747.9349828227505,10011.830433289451,14037.858942379273,,,7386
278,15157.206433335945,10025.350645822504,18075.60099657103,,,7416
279,9647.572975389376,9996.253399375051,11466.538790028584,,,7437
280,11484.406799021179,10010.676734292401,16535.526759325294,,,7467
281,11464.153626718471,10036.29131278836,12603.530495800149,,,7488
282,12120.886916285146,10072.51225051154,13090.430676235022,,,7509
283,1674.9590054955534,9931.633647873516,12039.636381495551,,,7539
284,15482.229455253108,10020.580418818297,15789.91630897827,,,7565
285,20128.508188958593,10109.530241395869,19678.634661142427,,,7593
286,15726.850123958055,10124.688704081638,15792.846948535285,,,7619
287,17846.33049143045,10200.032738034375,17708.583724515607,,,7648
288,5933.167671672266,10117.095704877405,14273.04073833893,,,7678
289,12033.24969623706,10118.293495011709,13003.12500019345,,,7701
290,17800.338802646478,10173.349018987334,17608.177526768897,,,7725
291,11948.874439620382,10261.229734760003,17151.71406316385,,,7755
292,18119.703464189028,10313.744900398922,17907.26481576105,,,7784
293,18079.733286755796,10337.55381669458,17790.34847155362,,,7813
294,19551.9289271824,10379.553943286828,19262.53969295982,,,7843
295,4428.887165346801,10219.71203002282,8082.653145403076,,,7867
296,9568.949308923684,10448.148850534286,14686.244076333425,,,7897
297,18173.607767960882,10445.534899495038,17971.144900898664,,,7925
298,20181.0728811437,10533.547724322127,19723.7922207083,,,7955
299,21216.206221355777,10857.045586996277,20739.719226781035,,,7984
